SET @OLD_UNIQUE_CHECKS=@@UNIQUE_CHECKS, UNIQUE_CHECKS=0;
SET @OLD_FOREIGN_KEY_CHECKS=@@FOREIGN_KEY_CHECKS, FOREIGN_KEY_CHECKS=0;
SET @OLD_SQL_MODE=@@SQL_MODE, SQL_MODE='TRADITIONAL,ALLOW_INVALID_DATES';

USE `usecase`;

TRUNCATE TABLE `usecase`.`conectado`;
TRUNCATE TABLE `usecase`.`conector_principal`;
TRUNCATE TABLE `usecase`.`endereco`;
TRUNCATE TABLE `usecase`.`extensao_do_principal`;
TRUNCATE TABLE `usecase`.`grupo_do_principal`;
TRUNCATE TABLE `usecase`.`item_do_principal`;
TRUNCATE TABLE `usecase`.`principal`;
TRUNCATE TABLE `usecase`.`tag`;
TRUNCATE TABLE `usecase`.`tag_principal`;
TRUNCATE TABLE `usecase`.`user`;

LOCK TABLES `usecase`.`conectado` WRITE;

INSERT INTO `usecase`.`conectado`
(`idConectadoPk`,`titulo`)
VALUES
(1,'Dynamic Infrastructure Associate'),
(2,'Corporate Usability Orchestrator'),
(3,'Chief Interactions Administrator'),
(4,'Regional Implementation Engineer'),
(5,'Direct Intranet Architect'),
(6,'Lead Infrastructure Technician'),
(7,'Direct Quality Coordinator'),
(8,'Legacy Web Planner'),
(9,'Human Assurance Engineer'),
(10,'Internal Functionality Director'),
(11,'Legacy Communications Designer'),
(12,'Senior Accounts Facilitator'),
(13,'Regional Brand Executive'),
(14,'Human Usability Orchestrator'),
(15,'Dynamic Directives Associate'),
(16,'Regional Program Assistant'),
(17,'Future Usability Director'),
(18,'Product Applications Designer'),
(19,'Legacy Applications Officer'),
(20,'Central Creative Producer'),
(21,'Dynamic Branding Supervisor'),
(22,'International Implementation Supervisor'),
(23,'Dynamic Applications Supervisor'),
(24,'Forward Data Facilitator'),
(25,'Central Usability Administrator'),
(26,'District Configuration Producer'),
(27,'Customer Quality Associate'),
(28,'Global Data Liaison'),
(29,'Central Response Agent'),
(30,'Customer Integration Architect'),
(31,'Dynamic Communications Producer'),
(32,'District Tactics Planner'),
(33,'Investor Markets Orchestrator'),
(34,'Customer Brand Facilitator'),
(35,'Future Markets Associate'),
(36,'Dynamic Operations Designer'),
(37,'Dynamic Accountability Executive'),
(38,'Corporate Solutions Administrator'),
(39,'Regional Creative Designer'),
(40,'Principal Accounts Specialist'),
(41,'Dynamic Configuration Assistant'),
(42,'Investor Marketing Administrator'),
(43,'Senior Branding Assistant'),
(44,'Senior Program Executive'),
(45,'Regional Response Executive'),
(46,'Regional Marketing Producer'),
(47,'Corporate Markets Officer'),
(48,'Global Applications Agent'),
(49,'Investor Communications Agent'),
(50,'Direct Communications Director');

UNLOCK TABLES;

LOCK TABLES `usecase`.`conector_principal` WRITE;

INSERT INTO `usecase`.`conector_principal`
(`idPrincipalFk`,`idConectadoFk`,`titulo`)
VALUES
(1,1,'Regional Response Producer'),
(2,2,'Internal Usability Facilitator'),
(3,3,'Global Tactics Director'),
(4,4,'Future Web Orchestrator'),
(5,5,'Dynamic Accounts Executive'),
(6,6,'Chief Optimization Director'),
(7,7,'Chief Implementation Director'),
(8,8,'Investor Paradigm Developer'),
(9,9,'Legacy Marketing Liaison'),
(10,10,'Future Group Strategist'),
(11,11,'Forward Security Architect'),
(12,12,'Investor Functionality Strategist'),
(13,13,'Central Group Producer'),
(14,14,'Dynamic Communications Supervisor'),
(15,15,'Investor Configuration Consultant'),
(16,16,'District Integration Supervisor'),
(17,17,'Central Assurance Executive'),
(18,18,'Customer Directives Supervisor'),
(19,19,'Internal Configuration Engineer'),
(20,20,'Product Integration Producer'),
(21,21,'Chief Research Planner'),
(22,22,'Central Accountability Supervisor'),
(23,23,'Customer Factors Associate'),
(24,24,'Product Integration Manager'),
(25,25,'Corporate Marketing Engineer'),
(26,26,'Investor Quality Facilitator'),
(27,27,'Regional Directives Technician'),
(28,28,'Product Integration Officer'),
(29,29,'Future Division Orchestrator'),
(30,30,'Investor Functionality Strategist'),
(31,31,'Legacy Accountability Manager'),
(32,32,'National Intranet Agent'),
(33,33,'Central Program Associate'),
(34,34,'Senior Quality Analyst'),
(35,35,'Customer Communications Architect'),
(36,36,'Chief Web Designer'),
(37,37,'Legacy Metrics Engineer'),
(38,38,'Regional Group Engineer'),
(39,39,'Dynamic Configuration Supervisor'),
(40,40,'Human Configuration Planner'),
(41,41,'Internal Marketing Administrator'),
(42,42,'Principal Paradigm Executive'),
(43,43,'Future Division Architect'),
(44,44,'Principal Intranet Agent'),
(45,45,'Corporate Mobility Agent'),
(46,46,'Chief Functionality Specialist'),
(47,47,'Human Tactics Designer'),
(48,48,'Legacy Paradigm Analyst'),
(49,49,'Dynamic Operations Producer'),
(50,50,'Product Identity Producer');

UNLOCK TABLES;

LOCK TABLES `usecase`.`endereco` WRITE;

INSERT INTO `usecase`.`endereco`
(`idEnderecoPk`,`cep`,`zipcode`,`rua`,`nro`,`cidade`,`uf`,`latitude`,`longitude`)
VALUES
(1,'06313-9927','84137','67860 Blake Plaza',564,'South Scottieside','RI',-24.7405,1.0020),
(2,'11308-2128','72629','55145 OConnell Islands',80,'Beaulahton','LA',14.5266,-43.8378),
(3,'25273','62867','135 Hagenes Drives',722,'Satterfieldland','WA',-18.8151,48.1755),
(4,'32174','05854','69472 Wehner Roads',48,'Hazleborough','VT',12.6034,-131.5530),
(5,'34629','21102-0367','419 Lind Streets',698,'Schroederville','ND',67.6495,-22.2302),
(6,'92442-9550','03055','39962 Hodkiewicz Way',686,'East Kendrick','NV',23.7554,148.8174),
(7,'65516','99311-8415','6237 Jevon Plaza',45,'East Gaetano','WI',58.1989,56.8748),
(8,'03249','83728','50105 Heidenreich Stravenue',962,'New Raymundoville','NM',74.1227,124.8904),
(9,'20618','61053-8636','726 Franco Village',22,'Croninberg','VA',-26.6878,-100.5492),
(10,'74509-4012','91639-3338','731 Ankunding Throughway',501,'Grahamberg','MA',5.3191,91.0908),
(11,'92547','94981','8510 Alejandrin Court',450,'North Anne','MI',41.8646,32.7879),
(12,'36991','04947','74394 Bogan Pines',308,'North Jerad','LA',-32.9905,-66.1570),
(13,'17312-4714','23856-1109','073 Destiney Manor',650,'North Blair','NY',-59.8477,-93.7806),
(14,'45536','08950','02970 Kayleigh Forges',204,'North Jimmie','KS',-71.0741,3.4673),
(15,'37986','87591','99947 Armand Street',802,'Brownshire','OH',71.9433,21.1500),
(16,'92149-7037','44809','19391 Jaskolski Mews',629,'Schambergermouth','FL',27.3193,95.1256),
(17,'86126','67689','7101 Hessel Vista',251,'Deechester','ID',-30.5501,92.9321),
(18,'22857-3174','41063-9887','55518 Clotilde Junction',530,'Port Alanis','TX',11.1035,82.1721),
(19,'09810','84893','51004 Stephen Shoals',488,'North Brittanyborough','NV',31.4446,-146.5344),
(20,'52973-9093','56284-4500','8385 Bernie Ways',504,'Orlandoland','MN',56.1915,122.0479),
(21,'26622','82645-5263','2661 Beer Estate',600,'Ricefurt','WV',4.8817,14.9212),
(22,'86176','63007-9343','827 Brooks Shoals',679,'Diannaport','NE',-36.5643,-149.9988),
(23,'74509','83760-8996','2860 Prosacco Expressway',202,'Ritaport','MO',-59.6520,31.7854),
(24,'14617','66417-1774','899 Heaney Groves',661,'New Amelieport','NV',75.8006,-66.9269),
(25,'41059-7039','88782','55404 Schneider Mills',606,'DAmoreberg','KY',-74.3705,46.0093),
(26,'23670-0351','70500','65781 Nikki Dale',883,'Hartmannville','NY',84.6157,88.5597),
(27,'83356','71558-8537','0166 Renner Knoll',895,'East Alfredland','WY',-72.8823,104.6024),
(28,'90111','42933','90992 McClure Squares',164,'Coltton','DE',-61.5106,169.2036),
(29,'20920','38623','3647 Wuckert Fields',367,'Robelberg','GA',-38.0398,-155.8736),
(30,'58663-2080','67500-5991','90759 Gerhold Hills',53,'Boganchester','ME',-87.6455,30.3777),
(31,'06969','27872','5901 Abraham Dam',255,'Ferryhaven','OR',-24.7032,-63.9274),
(32,'94122','27132-8122','2959 OKeefe Locks',555,'Parisianstad','KS',63.3284,-143.9970),
(33,'12536-1090','87963','6406 Amaya Passage',910,'West Tinafort','KS',-84.1447,153.9226),
(34,'23856','49288','477 Christiansen Circles',426,'Floyberg','RI',-53.5752,110.6428),
(35,'16923','74416-1760','8410 Caterina Forest',719,'Fabianbury','NC',-70.9006,14.8712),
(36,'43841','32719-3689','6623 Runolfsson Isle',835,'Breitenbergview','IN',-50.0552,-126.6946),
(37,'94528','12781-2038','191 Swaniawski Plain',821,'Robertston','LA',-61.1341,-57.9257),
(38,'65868','43225','9959 Lavina Gateway',774,'Silasberg','AZ',0.6893,-143.9057),
(39,'21876-2271','01067','515 Lelia Cliffs',885,'East Blaise','NM',43.6705,-143.8732),
(40,'26062','81049','4200 Jones Neck',850,'Lupemouth','MA',32.6759,21.9430),
(41,'76089-4960','07501-4416','19203 Everette Mountains',738,'Chadrickburgh','CA',75.1924,-18.6234),
(42,'55776-8825','17696-8021','174 Luther Road',227,'South Patricia','TX',-55.8723,-142.1513),
(43,'08007-5990','96353-6700','3915 Jacobs Fork',650,'Port Althea','NM',75.1219,80.0413),
(44,'05150','54051','0146 Mya River',980,'East Zander','LA',60.5881,-51.7803),
(45,'78386-8467','56058-9775','2463 Littel Squares',399,'Franeckichester','WI',-64.1246,126.2003),
(46,'76380-3999','91413-1527','0791 OReilly Springs',275,'West Dane','PA',-68.0985,36.4691),
(47,'55150','75736','4866 Diamond Ferry',938,'Isabellland','UT',27.0049,-66.8836),
(48,'53044','31898','69215 Maximillia Radial',744,'Lake Cassieburgh','NY',-39.1897,-141.8351),
(49,'39478','29174','81996 Roman Center',121,'Yosthaven','PA',62.6399,45.5428),
(50,'65722-3211','85348','2945 Jaleel Freeway',283,'Gottliebborough','OH',-34.8293,-70.1085);

UNLOCK TABLES;

LOCK TABLES `usecase`.`extensao_do_principal` WRITE;

INSERT INTO `usecase`.`extensao_do_principal`
(`idPrincipalFk`,`titulo`)
VALUES
(1,'District Communications Officer'),
(2,'Corporate Research Assistant'),
(3,'Forward Division Executive'),
(4,'Corporate Optimization Developer'),
(5,'Forward Branding Agent'),
(6,'Forward Interactions Assistant'),
(7,'Senior Mobility Analyst'),
(8,'Dynamic Creative Developer'),
(9,'Principal Web Supervisor'),
(10,'Global Infrastructure Planner'),
(11,'Principal Accounts Officer'),
(12,'Lead Interactions Specialist'),
(13,'National Group Producer'),
(14,'Global Response Orchestrator'),
(15,'Dynamic Accounts Supervisor'),
(16,'Corporate Assurance Officer'),
(17,'Forward Directives Manager'),
(18,'Dynamic Brand Developer'),
(19,'International Accountability Producer'),
(20,'Dynamic Data Director'),
(21,'Legacy Security Liaison'),
(22,'International Implementation Facilitator'),
(23,'Central Data Strategist'),
(24,'Principal Tactics Strategist'),
(25,'Central Communications Specialist'),
(26,'Product Metrics Technician'),
(27,'Global Brand Representative'),
(28,'Corporate Security Designer'),
(29,'Legacy Accounts Representative'),
(30,'Global Paradigm Technician'),
(31,'Regional Interactions Assistant'),
(32,'Product Data Coordinator'),
(33,'Principal Creative Officer'),
(34,'Principal Markets Administrator'),
(35,'Internal Markets Engineer'),
(36,'Central Applications Planner'),
(37,'Lead Functionality Engineer'),
(38,'District Division Designer'),
(39,'Principal Data Coordinator'),
(40,'Dynamic Implementation Agent'),
(41,'Corporate Marketing Technician'),
(42,'Forward Mobility Producer'),
(43,'Investor Paradigm Liaison'),
(44,'District Solutions Director'),
(45,'Forward Configuration Orchestrator'),
(46,'Customer Integration Developer'),
(47,'Corporate Accounts Analyst'),
(48,'Lead Interactions Engineer'),
(49,'National Configuration Representative'),
(50,'Principal Optimization Facilitator');

UNLOCK TABLES;

LOCK TABLES `usecase`.`grupo_do_principal` WRITE;

INSERT INTO `usecase`.`grupo_do_principal`
(`idGrupoDoPrincipalPk`,`titulo`)
VALUES
(1,'Principal Branding Strategist'),
(2,'Human Factors Agent'),
(3,'Global Tactics Supervisor'),
(4,'Senior Response Facilitator'),
(5,'Forward Marketing Specialist'),
(6,'Human Research Designer'),
(7,'Forward Applications Associate'),
(8,'Product Usability Officer'),
(9,'Dynamic Applications Executive'),
(10,'International Accountability Agent'),
(11,'Corporate Solutions Facilitator'),
(12,'Senior Quality Liaison'),
(13,'Forward Solutions Strategist'),
(14,'Forward Communications Technician'),
(15,'Dynamic Research Specialist'),
(16,'Central Identity Designer'),
(17,'Legacy Group Director'),
(18,'Chief Quality Executive'),
(19,'Direct Accountability Facilitator'),
(20,'Dynamic Marketing Director'),
(21,'Forward Optimization Consultant'),
(22,'Central Usability Developer'),
(23,'Future Intranet Strategist'),
(24,'Lead Response Coordinator'),
(25,'Forward Communications Analyst'),
(26,'Product Division Developer'),
(27,'Dynamic Markets Associate'),
(28,'Senior Quality Facilitator'),
(29,'Regional Solutions Assistant'),
(30,'Principal Identity Officer'),
(31,'Global Functionality Manager'),
(32,'Internal Web Executive'),
(33,'Lead Creative Representative'),
(34,'Dynamic Metrics Analyst'),
(35,'Forward Branding Associate'),
(36,'Senior Program Representative'),
(37,'Future Applications Engineer'),
(38,'Global Factors Technician'),
(39,'District Usability Producer'),
(40,'Chief Infrastructure Liaison'),
(41,'Regional Factors Planner'),
(42,'Central Branding Consultant'),
(43,'District Research Strategist'),
(44,'Dynamic Metrics Administrator'),
(45,'Senior Paradigm Manager'),
(46,'Chief Marketing Architect'),
(47,'Dynamic Group Director'),
(48,'Global Interactions Technician'),
(49,'District Data Assistant'),
(50,'Dynamic Assurance Strategist');

UNLOCK TABLES;

LOCK TABLES `usecase`.`item_do_principal` WRITE;

INSERT INTO `usecase`.`item_do_principal`
(`idItemDoPrincipalPk`,`titulo`,`idPrincipalFk`)
VALUES
(1,'International Security Engineer',1),
(2,'International Operations Facilitator',10),
(3,'Product Directives Technician',17),
(4,'District Infrastructure Manager',35),
(5,'Dynamic Brand Orchestrator',25),
(6,'Chief Paradigm Coordinator',13),
(7,'National Research Executive',8),
(8,'Direct Program Facilitator',22),
(9,'International Data Architect',29),
(10,'Legacy Interactions Architect',28),
(11,'District Solutions Facilitator',44),
(12,'Customer Identity Architect',18),
(13,'Global Markets Administrator',28),
(14,'Chief Web Specialist',21),
(15,'Forward Quality Manager',22),
(16,'Customer Brand Agent',31),
(17,'Investor Directives Associate',25),
(18,'Future Functionality Coordinator',15),
(19,'Product Branding Assistant',18),
(20,'International Intranet Technician',37),
(21,'National Infrastructure Engineer',11),
(22,'Dynamic Applications Facilitator',14),
(23,'Dynamic Directives Officer',14),
(24,'Corporate Branding Planner',23),
(25,'National Division Coordinator',5),
(26,'Human Implementation Manager',5),
(27,'Global Division Planner',38),
(28,'Principal Paradigm Assistant',1),
(29,'District Branding Administrator',4),
(30,'Future Operations Director',43),
(31,'Product Program Architect',45),
(32,'Dynamic Assurance Representative',49),
(33,'Investor Usability Planner',45),
(34,'National Metrics Consultant',34),
(35,'Corporate Quality Manager',39),
(36,'International Usability Engineer',4),
(37,'Product Program Planner',50),
(38,'Future Quality Manager',13),
(39,'Lead Marketing Liaison',20),
(40,'Lead Operations Supervisor',39),
(41,'Direct Response Designer',18),
(42,'Customer Solutions Coordinator',21),
(43,'Forward Factors Planner',1),
(44,'Principal Intranet Coordinator',45),
(45,'Direct Communications Coordinator',48),
(46,'Corporate Directives Architect',32),
(47,'Future Identity Analyst',35),
(48,'Corporate Group Strategist',44),
(49,'Investor Identity Architect',4),
(50,'Direct Accountability Engineer',34);

UNLOCK TABLES;

LOCK TABLES `usecase`.`principal` WRITE;

INSERT INTO `usecase`.`principal`
(`idPrincipalPk`,`textoObrigatorio`,`textoFacultativo`,`decimalObrigatorio`,`decimalFacultativo`,`inteiroObrigatorio`,`inteiroFacultativo`,`booleanoObrigatorio`,`booleanoFacultativo`,`dataObrigatoria`,`dataFacultativa`,`datahoraObrigatoria`,`datahoraFacultativa`,`ativo`,`email`,`senha`,`urlImagem`,`url`,`idGrupoDoPrincipalFk`,`idGrupoDoPrincipalFacultativoFk`,`unico`,`dataCriacao`,`dataAlteracao`,`nome`,`titulo`,`cpf`,`cnpj`,`rg`,`celular`,`textoGrande`,`snake_case`,`preco`)
VALUES
(1,'Rerum autem non.','rem',294.75,305.474,564,373,0,0,'2019-11-07 10:28:15.306','2019-04-13 00:50:33.349','2019-03-14 08:13:44.609','2019-02-19 00:18:49.083',1,'Tiara_Powlowski53@hotmail.com',SHA2(SHA2('tester', 256), 256),'https://s3.amazonaws.com/uifaces/faces/twitter/mslarkina/128.jpg','http://dejon.org',1,1,'lorem','2019-01-19 12:42:30.240','2019-05-19 06:54:33.130','Central Group Developer','Central Mobility Producer','08889433779','68738427000125','863672887','79230722121','Distinctio quia non blanditiis ea quam.','Assumenda vel molestiae beatae nisi maxime ullam qui.',5383.47),
(2,'Eos nostrum nihil et iure quidem.','reiciendis',137.948,811.310,89,524,0,1,'2019-07-21 18:54:32.573','2019-02-19 02:13:03.527','2019-09-14 08:01:43.365','2019-08-04 12:39:12.351',1,'Oscar.Little47@hotmail.com',SHA2(SHA2('tester', 256), 256),'https://s3.amazonaws.com/uifaces/faces/twitter/RussellBishop/128.jpg','http://mckayla.biz',39,17,'d2a90a2b-5dfa-416e-8b26-87248a84f11f','2019-02-21 01:00:24.419','2019-12-09 10:24:07.020','Lead Quality Officer','Corporate Program Orchestrator','06571054302','30393493000138','287275518','34339872664','Eaque a quo assumenda.','Rem esse provident in et.',6590.68),
(3,'Atque in animi porro rerum amet officiis.','voluptatem',132.109,71.117,735,160,1,1,'2019-05-27 01:14:04.077','2019-03-18 00:59:27.004','2020-01-03 04:12:42.056','2019-02-16 12:10:25.365',1,'Elyse7@gmail.com',SHA2(SHA2('tester', 256), 256),'https://s3.amazonaws.com/uifaces/faces/twitter/slowspock/128.jpg','https://candace.info',49,38,'80cfc318-f0ec-4a5d-8293-89b2e4b34e9f','2019-05-12 20:17:02.268','2019-11-09 18:04:00.104','Corporate Metrics Officer','Dynamic Usability Strategist','71694622142','07541538000152','855225533','63164162099','Quibusdam sunt ullam voluptate voluptates quia.','Distinctio vitae nostrum dolorem quo distinctio voluptas accusamus ut saepe.',8530.22),
(4,'Odio earum earum iste qui et.','dicta',271.895,34.20,441,394,1,1,'2019-02-05 07:43:15.768','2019-08-20 04:10:12.483','2019-11-13 05:58:04.644','2019-09-02 19:27:24.493',1,'Gavin.Konopelski@gmail.com',SHA2(SHA2('tester', 256), 256),'https://s3.amazonaws.com/uifaces/faces/twitter/mauriolg/128.jpg','http://fredy.net',19,41,'127d1588-c2c9-4ab0-b43d-07bf72eafb7e','2019-12-02 06:19:28.406','2019-11-30 05:12:23.201','Global Infrastructure Architect','Future Data Liaison','20340226536','75485786000183','970337183','47423582835','Inventore qui saepe similique et voluptatibus quo fugiat perspiciatis.','Quas impedit exercitationem quos laudantium sapiente delectus rerum.',2902.39),
(5,'Impedit omnis voluptatum dolores.','deleniti',760.316,457.131,168,214,1,1,'2019-09-30 19:08:20.063','2019-10-23 14:20:23.606','2019-12-09 08:42:03.682','2019-08-02 12:39:11.848',1,'Forrest_Moen5@hotmail.com',SHA2(SHA2('tester', 256), 256),'https://s3.amazonaws.com/uifaces/faces/twitter/klimmka/128.jpg','https://sandra.biz',24,17,'edd0d8bf-7392-495b-9258-a82033336c84','2019-07-09 08:52:16.720','2019-11-23 14:19:23.559','National Research Engineer','Dynamic Division Producer','74122681391','68656275000111','667857797','21179324252','Quia incidunt sed quia.','Totam aut et at quod sit.',1187.31),
(6,'Aut et vitae omnis animi perspiciatis.','quasi',617.842,768.952,90,196,0,0,'2019-01-16 06:49:32.753','2019-11-03 20:46:09.931','2019-04-13 13:28:26.634','2019-05-18 11:12:23.674',1,'Issac_Wintheiser@hotmail.com',SHA2(SHA2('tester', 256), 256),'https://s3.amazonaws.com/uifaces/faces/twitter/vladyn/128.jpg','https://thomas.biz',5,46,'b5f18a10-dcf0-48b1-b723-cb041afb1827','2019-08-22 08:07:48.626','2019-08-09 11:19:22.148','Investor Paradigm Officer','Dynamic Branding Supervisor','26858088415','75875049000197','948681343','77365547117','Unde praesentium numquam veniam officiis.','Enim laboriosam corrupti dolorum.',8540.40),
(7,'Cumque voluptatem vitae aut nemo et culpa voluptatibus neque.','sunt',967.615,988.986,468,242,1,1,'2019-09-11 08:52:52.921','2019-07-23 08:44:02.231','2019-04-14 12:01:21.362','2019-12-12 20:18:28.222',1,'Antonetta.Grant79@yahoo.com',SHA2(SHA2('tester', 256), 256),'https://s3.amazonaws.com/uifaces/faces/twitter/lvovenok/128.jpg','https://joany.info',30,1,'cf37bfc0-7ecb-4eea-ace6-d5062831960d','2019-12-15 06:25:26.145','2019-09-21 14:32:44.300','Direct Intranet Liaison','Central Research Designer','75174836338','46182700000145','262144902','74750285387','Minima sunt nisi qui dolores commodi quasi ullam quo.','In vel quisquam.',8650.14),
(8,'Praesentium molestiae quos blanditiis quis iure repellendus voluptatem asperiores quibusdam.','quasi',413.418,668.107,621,373,1,1,'2019-12-19 18:17:25.075','2019-12-12 20:17:27.728','2019-08-17 08:40:24.419','2019-02-02 05:09:29.994',1,'Warren_Heaney@yahoo.com',SHA2(SHA2('tester', 256), 256),'https://s3.amazonaws.com/uifaces/faces/twitter/dhrubo/128.jpg','https://simeon.org',8,29,'b6bc415f-31ec-430a-b922-9db93552191a','2019-11-19 22:04:36.241','2020-01-04 05:13:52.289','Investor Applications Architect','Global Data Producer','44561740724','74284629000147','001476654','76735165215','Sint consectetur earum sit et natus dolore.','Cum earum velit voluptatibus voluptates odit quia ipsam eum totam.',751.60),
(9,'Sint voluptatem corrupti dolor rerum.','consequuntur',757.420,625.306,889,152,0,1,'2019-11-17 20:12:28.684','2019-01-24 00:35:53.957','2019-12-16 05:41:59.564','2020-01-08 09:34:54.212',1,'Lia_Huel@hotmail.com',SHA2(SHA2('tester', 256), 256),'https://s3.amazonaws.com/uifaces/faces/twitter/increase/128.jpg','https://else.biz',24,1,'0915ec80-1e62-46b0-b2e9-893a52cb4d48','2019-10-01 21:14:45.982','2019-10-23 22:15:34.036','Senior Tactics Associate','Dynamic Functionality Designer','21871525705','81203250000120','582482390','18463809656','Vitae sed similique suscipit ea deserunt ut consectetur dolores.','Sed dolor nemo praesentium voluptatem iure rerum dolores eos voluptas.',8914.5),
(10,'Autem sint fugiat et nulla porro qui est ullam delectus.','veritatis',259.161,696.842,323,899,0,0,'2019-01-24 03:44:33.684','2019-11-04 13:23:34.099','2019-03-06 22:08:00.831','2019-04-20 13:38:47.739',1,'Murphy_Ryan@hotmail.com',SHA2(SHA2('tester', 256), 256),'https://s3.amazonaws.com/uifaces/faces/twitter/vimarethomas/128.jpg','https://chelsea.name',25,27,'57a36178-a8bc-47f0-9102-caa1c6411cc8','2019-12-14 03:37:11.408','2019-12-28 18:55:19.074','Chief Tactics Executive','Customer Infrastructure Designer','12761238923','40428209000175','293932569','69142362503','Ad odio autem sequi sit aliquid.','Dolore est rerum maxime.',491.14),
(11,'Commodi expedita sunt cupiditate in odit odio quia.','numquam',594.598,347.214,134,844,0,1,'2019-05-27 23:51:01.905','2019-03-21 11:39:52.376','2019-12-14 19:52:56.531','2019-08-18 08:25:35.612',1,'Jade.Watsica@yahoo.com',SHA2(SHA2('tester', 256), 256),'https://s3.amazonaws.com/uifaces/faces/twitter/scottkclark/128.jpg','https://mariana.info',36,16,'d5135c7f-3fa7-4d11-b8f6-dbfc31d4d811','2019-04-30 20:33:24.263','2019-08-17 10:02:08.839','Global Data Liaison','Senior Factors Liaison','63936821321','47556669000128','033411268','67311848711','Dolor adipisci ut ea voluptatem harum.','Quis totam vel enim.',2936.41),
(12,'Itaque necessitatibus et et a.','blanditiis',720.549,571.948,650,864,0,0,'2019-12-08 07:45:50.513','2019-06-27 17:28:18.547','2019-06-22 17:21:26.419','2019-11-04 07:12:56.697',1,'Renee27@yahoo.com',SHA2(SHA2('tester', 256), 256),'https://s3.amazonaws.com/uifaces/faces/twitter/danthms/128.jpg','http://trudie.biz',32,3,'a51a8026-c1e8-4ed8-b35e-642154f349c3','2019-06-04 00:15:50.149','2019-06-01 06:36:32.946','Global Web Engineer','Customer Accountability Executive','22205887505','86527584000173','768872857','85114652431','Id fugit nemo rem.','Minus quia excepturi earum quibusdam perferendis dignissimos.',1645.1),
(13,'In sed qui atque vero.','fugit',977.242,977.87,60,166,0,0,'2019-02-28 06:29:06.920','2019-11-05 19:08:33.701','2019-09-02 16:25:18.890','2019-09-01 17:15:04.370',1,'Heloise.Smith@gmail.com',SHA2(SHA2('tester', 256), 256),'https://s3.amazonaws.com/uifaces/faces/twitter/the_winslet/128.jpg','https://donald.info',16,30,'0f9147d8-9644-42bf-a763-bda83bc5fdf4','2019-08-13 03:09:34.781','2019-10-02 05:11:01.987','Dynamic Optimization Producer','Human Assurance Agent','26116628354','33256535000187','112021113','63177955356','Non velit sed sint in voluptas rerum repellendus maxime.','Tempora eius quam et sint minus veniam at vel.',2766.55),
(14,'Facilis in asperiores ut quaerat ducimus in omnis.','et',907.55,473.537,435,37,1,0,'2019-12-10 20:00:20.509','2019-03-15 20:12:06.857','2019-07-13 06:50:18.099','2019-12-12 07:11:51.722',1,'Abby_Maggio@gmail.com',SHA2(SHA2('tester', 256), 256),'https://s3.amazonaws.com/uifaces/faces/twitter/bartoszdawydzik/128.jpg','http://araceli.org',7,13,'0c6c41a5-1f6d-4269-88f6-9efcc68387ef','2019-10-10 00:02:22.729','2019-06-13 15:18:34.573','Chief Brand Technician','National Response Technician','55552297474','49623737000150','663176321','85577631854','Saepe veritatis alias aliquid.','Ipsum rerum quos voluptatibus fugit quis et necessitatibus voluptas occaecati.',9659.39),
(15,'Cupiditate voluptas nobis est.','perferendis',882.371,570.28,899,527,0,0,'2019-12-10 05:18:52.481','2019-10-06 07:15:36.691','2019-09-03 15:05:40.625','2019-10-15 10:13:11.640',1,'Itzel99@hotmail.com',SHA2(SHA2('tester', 256), 256),'https://s3.amazonaws.com/uifaces/faces/twitter/mikaeljorhult/128.jpg','http://patsy.org',45,42,'e8ca8a6f-06b1-4d8e-abd0-bede058ed31c','2019-10-01 12:56:01.905','2019-12-21 22:45:41.703','Legacy Division Liaison','Lead Mobility Consultant','27451281671','45024019000106','239751575','73458403441','Et accusantium praesentium.','Sit error et.',9297.36),
(16,'Tempore voluptatem sit.','similique',924.668,931.166,108,776,0,0,'2019-09-10 05:58:37.470','2019-05-09 09:55:56.464','2019-09-06 20:28:39.317','2019-07-16 06:56:08.749',1,'Edd.Adams@yahoo.com',SHA2(SHA2('tester', 256), 256),'https://s3.amazonaws.com/uifaces/faces/twitter/miguelkooreman/128.jpg','https://bettie.name',29,11,'913b8fd1-b682-4d97-8fa5-8d82346729cd','2019-02-06 23:20:47.577','2019-07-21 14:31:53.816','Investor Branding Coordinator','Senior Program Coordinator','14704498891','28239761000110','721482265','98525610618','Excepturi omnis sit fugit alias ea sed.','Possimus accusamus quo omnis ut.',5639.47),
(17,'Quo voluptatum excepturi officiis qui et consequatur id.','voluptates',62.500,845.489,982,21,1,0,'2019-07-18 07:39:08.765','2019-10-10 17:49:03.996','2019-09-21 05:42:15.576','2019-02-12 00:43:45.043',1,'Margot0@hotmail.com',SHA2(SHA2('tester', 256), 256),'https://s3.amazonaws.com/uifaces/faces/twitter/shvelo96/128.jpg','https://florencio.name',18,43,'811c3359-9684-4307-9e9c-43609a462b31','2019-03-23 00:36:42.617','2019-12-08 10:21:00.990','Dynamic Mobility Assistant','National Quality Architect','44666920170','29623716000127','087386663','88926878433','Et esse distinctio porro fuga iusto cupiditate accusamus tempora.','Soluta iusto natus nisi optio et est vitae ut repellendus.',9754.78),
(18,'Voluptas quisquam eligendi ipsum et dolorum blanditiis eos aspernatur.','illo',57.586,691.272,178,475,0,1,'2019-05-26 09:18:00.495','2019-09-03 13:07:08.416','2019-08-20 03:10:40.305','2019-09-05 22:25:25.687',1,'Emely_Hilpert87@yahoo.com',SHA2(SHA2('tester', 256), 256),'https://s3.amazonaws.com/uifaces/faces/twitter/vj_demien/128.jpg','http://minnie.info',39,9,'e7fb9274-231c-44c8-8a98-3f9410b0ddce','2019-07-27 06:43:14.385','2019-07-06 15:44:31.750','Internal Research Agent','Internal Program Producer','68422658275','81265494000138','856976805','26722044423','Optio dolor magnam voluptatum corrupti omnis vel ut.','Autem necessitatibus nobis ab eos sit aliquam.',1874.34),
(19,'Et natus vitae provident consequuntur.','quos',416.173,576.720,818,565,0,0,'2019-04-21 23:51:11.294','2019-08-18 20:12:02.098','2019-07-18 14:05:22.490','2019-09-24 00:43:23.190',1,'Rico44@hotmail.com',SHA2(SHA2('tester', 256), 256),'https://s3.amazonaws.com/uifaces/faces/twitter/vitor376/128.jpg','http://al.biz',27,5,'dc172b52-80bf-4c67-a257-a8854d6c43d3','2019-02-27 13:36:42.658','2019-11-11 02:01:44.095','Dynamic Optimization Specialist','Regional Applications Planner','46642171535','51835793000108','477774218','83582815631','Iusto quis quidem totam harum qui quia odit.','Est veniam suscipit est.',4243.77),
(20,'Tempora ducimus placeat quaerat qui quaerat.','sed',505.542,565.423,443,867,0,1,'2019-04-03 00:08:56.068','2019-10-31 12:56:29.788','2019-10-11 14:26:46.672','2019-06-06 20:27:41.515',1,'Andrew.Fay@gmail.com',SHA2(SHA2('tester', 256), 256),'https://s3.amazonaws.com/uifaces/faces/twitter/constantx/128.jpg','https://lindsay.org',23,39,'0dd961a4-fc80-4396-9461-b2014dbdecb9','2019-08-01 06:55:12.030','2019-09-27 16:31:40.783','Dynamic Division Supervisor','District Mobility Planner','01476380201','14636347000130','476489848','82246111015','Non quaerat fugiat sint corrupti animi et consequatur.','Dolores earum in consequatur eos est velit error.',7716.14),
(21,'Quidem qui temporibus est repellendus distinctio aut rerum et atque.','repellendus',332.620,853.132,256,195,0,0,'2019-01-28 11:14:03.201','2019-12-30 17:25:37.550','2019-03-22 03:36:31.296','2019-09-28 01:22:39.816',1,'Aliya.Jerde@gmail.com',SHA2(SHA2('tester', 256), 256),'https://s3.amazonaws.com/uifaces/faces/twitter/d_nny_m_cher/128.jpg','https://dominique.org',4,24,'b7dff890-1f47-4a66-9399-082046ff3fc6','2019-05-12 04:25:19.877','2019-10-10 22:16:00.473','Senior Configuration Executive','Central Paradigm Producer','88212157768','87618328000154','764084922','74065169794','Harum doloribus numquam et ducimus laboriosam placeat voluptatibus.','Error omnis quis quidem qui dolorem maxime tempore.',4570.21),
(22,'Possimus facilis dolore fuga similique magni consequatur voluptatem.','aliquid',492.888,982.534,7,581,1,0,'2019-06-27 02:09:42.127','2019-12-22 21:38:00.800','2019-10-15 15:13:45.571','2019-10-05 10:32:02.753',1,'Brennan.Kuvalis71@yahoo.com',SHA2(SHA2('tester', 256), 256),'https://s3.amazonaws.com/uifaces/faces/twitter/umurgdk/128.jpg','http://danika.org',37,30,'a88fc786-4ebe-4a14-89d4-5bc8f400e3eb','2019-09-06 14:36:11.596','2019-09-09 22:06:12.952','Future Functionality Analyst','Human Identity Engineer','67715681300','53136359000157','417585773','32248256675','Est omnis doloremque ipsa ipsa enim veniam aperiam veniam esse.','Provident qui incidunt labore quibusdam laborum nobis.',3407.78),
(23,'Adipisci inventore autem ullam et quia.','nobis',712.898,888.148,205,231,1,1,'2020-01-01 22:45:50.506','2019-01-27 13:38:32.452','2019-03-22 17:52:52.157','2019-04-01 06:25:55.397',1,'Teagan35@yahoo.com',SHA2(SHA2('tester', 256), 256),'https://s3.amazonaws.com/uifaces/faces/twitter/jayphen/128.jpg','https://kaylie.com',14,43,'7a93768e-1616-4e1d-b936-1853e82ca69d','2019-03-07 11:10:20.001','2019-02-14 06:55:32.658','Lead Interactions Developer','Principal Operations Analyst','53902160241','66548473000136','114567847','78237807788','Voluptatum iste a excepturi doloremque aut nulla nam voluptatem delectus.','Debitis tempora non.',2202.88),
(24,'Voluptates ex qui saepe occaecati modi.','numquam',117.123,645.583,564,176,0,1,'2019-08-19 13:45:27.135','2019-09-29 11:48:22.635','2019-12-21 12:32:23.059','2019-04-13 16:20:58.365',1,'Danielle10@hotmail.com',SHA2(SHA2('tester', 256), 256),'https://s3.amazonaws.com/uifaces/faces/twitter/allthingssmitty/128.jpg','https://audra.info',42,2,'f548aadd-63f5-4174-8856-a5582dc2ae0f','2019-08-05 06:00:44.341','2019-10-12 00:35:03.143','Dynamic Interactions Executive','International Intranet Representative','20573422559','84164137000171','021137584','48155948272','Tempora perferendis et.','Similique omnis aut aut quia omnis ut quidem qui autem.',536.72),
(25,'Voluptas autem esse voluptate qui et ut iure unde quo.','harum',172.518,848.797,14,89,0,1,'2019-11-11 00:57:35.406','2019-02-25 12:26:18.068','2019-08-23 02:23:34.704','2019-08-23 06:49:03.266',1,'Halle12@gmail.com',SHA2(SHA2('tester', 256), 256),'https://s3.amazonaws.com/uifaces/faces/twitter/justinrob/128.jpg','http://daija.biz',17,28,'7a05c731-86d1-46ef-9379-183631562d98','2019-12-20 05:41:35.025','2019-06-13 09:26:36.900','Future Factors Orchestrator','Regional Division Agent','46451498068','31485513000163','651870532','53378493577','Adipisci qui necessitatibus ipsum iusto.','Dolore ea aliquam nulla enim assumenda.',9911.93),
(26,'Quae quo adipisci voluptas laborum.','asperiores',142.22,670.557,370,274,1,1,'2019-11-12 14:47:20.915','2019-05-01 16:07:12.821','2019-08-24 09:57:35.091','2019-08-04 01:55:52.530',1,'Johan_Hoeger20@hotmail.com',SHA2(SHA2('tester', 256), 256),'https://s3.amazonaws.com/uifaces/faces/twitter/scottkclark/128.jpg','http://judd.name',6,16,'7110cfc4-a950-4b95-8c23-6f0cb6f40d0c','2019-08-08 22:06:34.203','2019-08-05 07:19:31.525','Dynamic Applications Executive','National Tactics Manager','78836283993','13701810000117','535197585','98751672227','Deleniti perferendis consequatur consequatur laborum.','Ipsum vero rem fugiat officia voluptas dolorem fuga.',9588.90),
(27,'Aut explicabo nulla atque quod esse et quos.','aut',796.778,962.426,880,437,1,0,'2019-01-24 02:40:39.459','2019-04-14 16:54:27.198','2019-11-30 17:33:31.704','2019-10-20 16:42:58.178',1,'Jackson94@hotmail.com',SHA2(SHA2('tester', 256), 256),'https://s3.amazonaws.com/uifaces/faces/twitter/nicklacke/128.jpg','http://kelley.org',32,27,'c82bc02a-ed89-42d2-ae6a-93f2086a2358','2019-05-11 11:07:50.553','2019-07-27 13:43:24.475','Dynamic Accounts Consultant','District Research Supervisor','67646360287','84207285000126','354252315','72135295377','Deleniti molestiae aut nisi iusto odio qui nam delectus.','Dolores similique numquam reprehenderit at provident expedita unde at accusamus.',328.35),
(28,'Voluptatem ea ut voluptas unde.','recusandae',673.162,258.568,650,40,0,1,'2019-12-19 18:56:47.382','2019-02-16 21:51:56.332','2019-11-27 19:55:30.852','2019-09-12 02:05:08.418',1,'Kane_Mitchell92@gmail.com',SHA2(SHA2('tester', 256), 256),'https://s3.amazonaws.com/uifaces/faces/twitter/buleswapnil/128.jpg','http://wiley.name',49,16,'c9518066-bdd6-4d8a-9edb-a0a8dd59b379','2019-03-20 02:35:17.310','2019-04-14 19:57:23.331','Human Paradigm Executive','Customer Factors Director','78525178381','12226324000121','654834156','64403578882','Excepturi occaecati dolorem neque et eum et id.','Modi repellendus aspernatur nesciunt ut est excepturi magni minus blanditiis.',228.85),
(29,'Totam sapiente modi est et.','laboriosam',595.225,748.429,663,844,1,1,'2019-03-01 08:06:18.776','2019-02-14 22:50:05.387','2019-07-10 06:23:48.006','2019-05-13 08:42:45.699',1,'Cleta_Bogan@yahoo.com',SHA2(SHA2('tester', 256), 256),'https://s3.amazonaws.com/uifaces/faces/twitter/nelshd/128.jpg','http://torrance.biz',14,17,'055883dd-1e35-4c84-92fb-b2c667849e2e','2019-09-30 14:48:03.837','2019-08-22 11:36:54.275','Dynamic Interactions Developer','National Optimization Administrator','13401444689','63598076000180','128446722','13675366874','Placeat omnis ut qui odio.','Voluptate quia amet cupiditate facilis suscipit quia facere.',1946.25),
(30,'Velit culpa accusantium quod.','provident',419.638,806.53,505,498,1,0,'2019-05-07 18:13:02.691','2019-11-22 12:22:32.594','2019-08-09 22:04:50.021','2019-02-24 06:51:37.851',1,'Liam_Hessel@hotmail.com',SHA2(SHA2('tester', 256), 256),'https://s3.amazonaws.com/uifaces/faces/twitter/jomarmen/128.jpg','http://ocie.net',8,33,'63f78b73-b893-47bf-a36c-30e4c4d18007','2019-03-26 05:22:38.491','2019-08-26 07:38:04.692','Dynamic Applications Officer','Human Configuration Developer','88637112161','12857778000109','395226333','52013222758','Non voluptas maiores.','Exercitationem consequatur perferendis qui velit repellendus ad alias molestiae.',3228.23),
(31,'Ut facere repellendus accusamus.','ullam',118.73,927.917,975,355,0,1,'2019-08-30 03:42:36.029','2019-07-12 23:36:14.879','2019-04-17 18:37:20.864','2019-07-16 15:27:51.992',1,'Alexys_Rogahn@gmail.com',SHA2(SHA2('tester', 256), 256),'https://s3.amazonaws.com/uifaces/faces/twitter/heyimjuani/128.jpg','https://deanna.org',9,8,'4f07acce-1a01-4b26-9556-8e6e40585b10','2019-08-12 09:42:26.407','2019-07-15 00:19:34.713','Internal Solutions Analyst','Lead Assurance Manager','98510233292','52747722000108','363656828','06624756998','Harum vero distinctio voluptatem sequi perferendis ratione possimus.','Aut nihil voluptates soluta repellendus dolorum maiores et.',517.84),
(32,'Qui est ut aut eveniet ea doloremque illo architecto velit.','non',305.330,169.812,998,125,0,0,'2019-09-25 11:41:31.149','2019-06-21 21:02:17.650','2019-06-05 07:20:21.528','2019-12-21 03:55:16.308',1,'Gertrude60@yahoo.com',SHA2(SHA2('tester', 256), 256),'https://s3.amazonaws.com/uifaces/faces/twitter/dannol/128.jpg','http://scot.org',29,27,'5eb00531-3984-4ac8-9bb6-3a5c5cb494b4','2019-08-06 05:38:49.816','2019-09-09 21:41:46.070','Legacy Intranet Director','Internal Brand Agent','15254449640','70050302000150','825076136','61169420138','Voluptas ut nam earum voluptas et explicabo suscipit ut.','Quae id optio et.',711.13),
(33,'Omnis harum vero voluptatem asperiores ut temporibus voluptatem accusamus eos.','cum',719.621,767.638,650,820,1,1,'2019-12-26 14:16:00.326','2019-05-17 15:09:24.441','2019-11-24 20:49:18.581','2019-05-13 20:58:49.624',1,'Ernie85@gmail.com',SHA2(SHA2('tester', 256), 256),'https://s3.amazonaws.com/uifaces/faces/twitter/brandonburke/128.jpg','https://krista.biz',11,2,'7a21c238-adef-457f-a942-bca7e1ab661a','2019-09-02 18:19:15.452','2019-05-18 11:37:22.325','Forward Division Designer','International Paradigm Architect','95817190168','71705136000145','811557783','37131862727','Tenetur repellendus blanditiis sed error et.','Ipsa voluptas id rerum consequatur ut sit.',31.39),
(34,'Et voluptates dolores qui.','autem',133.211,742.344,653,691,1,1,'2019-04-14 05:18:11.855','2019-10-08 09:46:14.825','2019-01-22 09:45:38.874','2019-10-12 09:58:30.378',1,'Olga_Daniel@gmail.com',SHA2(SHA2('tester', 256), 256),'https://s3.amazonaws.com/uifaces/faces/twitter/daniloc/128.jpg','https://audie.biz',41,15,'ca687d76-f32a-4126-8bc7-4868b915fdc8','2019-07-10 05:07:10.936','2020-01-02 03:21:46.502','District Research Manager','Lead Applications Consultant','75589268311','26776943000102','461571613','43805706524','Ut unde numquam qui autem et asperiores.','Aut saepe nemo at.',1969.45),
(35,'Nobis quia accusantium hic ipsum.','repellendus',923.445,352.687,163,84,1,0,'2019-03-30 22:20:18.173','2019-10-18 11:33:45.558','2019-06-04 12:15:30.227','2019-03-23 06:06:17.222',1,'Lavonne.Rice@yahoo.com',SHA2(SHA2('tester', 256), 256),'https://s3.amazonaws.com/uifaces/faces/twitter/noufalibrahim/128.jpg','http://hailie.name',9,13,'10601310-857f-404d-aa32-3b6bf4cbdfdf','2019-04-27 10:28:06.175','2019-09-07 08:25:20.646','Forward Optimization Coordinator','Legacy Mobility Planner','50962198609','06378516000150','655733426','31824252212','Voluptas cupiditate laudantium minus recusandae.','Harum quod qui eum eum eaque dicta dolores reprehenderit.',6865.70),
(36,'Asperiores dolores temporibus voluptates ratione iusto tenetur eius pariatur minima.','non',388.128,579.36,690,191,0,0,'2019-09-08 02:07:06.750','2019-10-30 17:55:01.332','2019-04-16 10:24:01.527','2019-10-31 22:44:32.380',1,'Micheal.Brekke71@hotmail.com',SHA2(SHA2('tester', 256), 256),'https://s3.amazonaws.com/uifaces/faces/twitter/bcrad/128.jpg','https://cathryn.org',6,29,'3b07a416-b230-46e8-87cd-67b5f3cd39e0','2019-04-09 05:47:11.654','2019-05-11 23:34:14.412','Investor Integration Coordinator','Regional Intranet Orchestrator','78022903256','12185657000150','693279194','36785528678','Fuga dolore rerum molestiae similique mollitia harum deleniti.','Soluta officia fugiat.',9594.46),
(37,'Iure necessitatibus dolorem in quam sed aliquam fugiat eum laborum.','reprehenderit',578.611,779.56,119,472,0,0,'2019-08-22 11:19:01.806','2019-03-13 01:47:03.276','2019-10-16 00:33:59.804','2019-12-20 12:56:11.669',1,'Easter_Rowe92@gmail.com',SHA2(SHA2('tester', 256), 256),'https://s3.amazonaws.com/uifaces/faces/twitter/kevka/128.jpg','https://zakary.info',43,44,'c7655fdd-c059-4528-8d3f-2a672ea63348','2019-12-27 14:15:34.739','2019-06-18 23:26:22.439','Chief Communications Designer','Central Optimization Technician','75583766611','54817095000160','254198810','98676847652','Mollitia ratione est exercitationem.','Magnam sed dolores et quis velit vitae a harum soluta.',6943.19),
(38,'Quaerat aut maxime sunt.','soluta',738.631,983.808,21,445,0,1,'2019-12-14 12:57:20.751','2019-07-21 22:06:18.593','2019-08-20 16:44:05.154','2019-10-16 00:37:19.845',1,'Ernestina_Beahan30@gmail.com',SHA2(SHA2('tester', 256), 256),'https://s3.amazonaws.com/uifaces/faces/twitter/markretzloff/128.jpg','http://jovani.org',39,50,'42ea2b69-b7d1-4440-8906-3404ad7a6474','2019-11-09 04:28:42.153','2019-05-06 14:56:01.145','Lead Operations Consultant','National Integration Specialist','85684427812','83265482000139','469553974','20846565244','Aut dolor quaerat neque fugit blanditiis reprehenderit.','Et et odit.',272.39),
(39,'Consectetur laborum voluptatem quidem consectetur labore iusto illum.','rerum',35.674,452.989,68,834,0,1,'2019-12-21 00:53:05.323','2019-03-11 18:58:00.895','2019-08-17 03:34:26.821','2019-08-26 17:13:17.406',1,'Emilia45@hotmail.com',SHA2(SHA2('tester', 256), 256),'https://s3.amazonaws.com/uifaces/faces/twitter/okcoker/128.jpg','http://jaylon.biz',26,38,'6055537a-4c16-4192-8570-152a59cbcb8b','2019-06-04 16:46:29.873','2020-01-15 17:23:43.303','District Implementation Coordinator','Legacy Group Developer','44950298437','66551949000198','255922476','91288899205','Aut ab quibusdam quae a nesciunt.','Nam et ipsa enim dignissimos non eos fuga.',3665.5),
(40,'Modi voluptatem illum.','enim',468.302,59.328,548,123,0,1,'2019-10-01 15:29:24.281','2019-09-13 15:26:24.610','2019-05-06 02:36:32.169','2019-09-16 01:07:44.651',1,'Tracey_Effertz23@gmail.com',SHA2(SHA2('tester', 256), 256),'https://s3.amazonaws.com/uifaces/faces/twitter/yayteejay/128.jpg','https://trystan.info',26,38,'84f66113-f165-4628-a3d3-9bd87afd0e44','2019-07-14 00:32:01.339','2019-10-14 11:17:45.187','Dynamic Program Officer','Product Mobility Producer','06442786099','63456339000117','455255186','82316480146','Dicta impedit voluptas accusamus repellat impedit.','Saepe rem aut eos nam facere itaque.',419.62),
(41,'Voluptatem delectus aspernatur est non esse molestiae sit illo error.','distinctio',22.276,312.1,332,645,1,1,'2019-11-18 12:46:08.737','2019-12-02 07:16:22.255','2019-10-07 11:46:57.753','2019-09-12 17:43:35.400',1,'Velma_Beer65@hotmail.com',SHA2(SHA2('tester', 256), 256),'https://s3.amazonaws.com/uifaces/faces/twitter/paulfarino/128.jpg','http://lenny.net',18,25,'2790f118-f4be-45d5-aa8a-1a99561197c1','2019-08-18 01:18:47.468','2019-02-03 23:04:00.723','Principal Creative Manager','Corporate Branding Officer','47838432871','33763036000186','214256848','23236577264','Quia ut aut.','Facere provident est facere.',3192.12),
(42,'Quod velit explicabo est necessitatibus nulla.','unde',350.416,867.319,870,20,1,1,'2020-01-04 15:19:22.188','2019-05-06 08:22:56.563','2019-02-04 21:40:10.815','2019-04-06 18:00:20.159',1,'Teagan53@hotmail.com',SHA2(SHA2('tester', 256), 256),'https://s3.amazonaws.com/uifaces/faces/twitter/karolkrakowiak_/128.jpg','https://devante.biz',32,8,'8246da6c-af30-43b2-9635-606be8ccd8ab','2019-03-10 06:29:56.701','2019-05-23 04:59:01.486','Central Group Officer','Legacy Group Technician','82821672152','73382321000171','585238109','77183369232','Quia quis ipsam saepe cum dolore voluptatum aut deleniti.','Quibusdam error qui.',6297.12),
(43,'Placeat id iste.','aspernatur',458.740,928.873,793,654,1,0,'2019-07-14 07:03:48.350','2019-08-14 18:33:59.258','2019-02-15 01:17:15.094','2019-11-04 14:57:30.337',1,'Colby.OConner19@gmail.com',SHA2(SHA2('tester', 256), 256),'https://s3.amazonaws.com/uifaces/faces/twitter/artd_sign/128.jpg','https://sydni.com',44,36,'aece526d-cd65-46a5-84c9-fc8250db5889','2019-09-03 15:24:24.645','2019-06-23 19:19:07.374','Regional Configuration Specialist','Dynamic Factors Coordinator','48901348837','78516744000150','867600856','96176161458','Non voluptatem numquam et sunt est sit ea sit.','Ipsum itaque id accusamus repudiandae animi sit.',2541.0),
(44,'Aut voluptatem assumenda id aut quia.','maiores',491.698,743.595,71,995,1,1,'2019-05-08 12:45:56.702','2019-11-10 18:10:11.146','2019-04-27 13:08:11.458','2019-06-05 05:34:52.884',1,'Elissa_Padberg11@yahoo.com',SHA2(SHA2('tester', 256), 256),'https://s3.amazonaws.com/uifaces/faces/twitter/buleswapnil/128.jpg','http://buford.biz',37,43,'06ed7922-84d0-481c-a5c4-3032c348fd98','2019-03-01 08:07:01.746','2019-06-30 12:00:00.735','Senior Response Designer','National Response Executive','95528769159','13865387000190','573684704','45287568423','Omnis officiis tempore ea.','Repudiandae repellat reprehenderit et sit qui iste.',847.38),
(45,'Dolores suscipit alias similique amet corporis deserunt sed aut.','ipsum',260.563,894.377,671,384,1,0,'2019-12-29 14:49:20.301','2019-12-02 17:25:45.645','2019-11-13 20:42:22.086','2019-05-07 13:03:33.927',1,'Jessica_Bartoletti@yahoo.com',SHA2(SHA2('tester', 256), 256),'https://s3.amazonaws.com/uifaces/faces/twitter/josevnclch/128.jpg','https://kade.biz',1,34,'f1e65f29-fa4f-4d97-bd9a-dc0a11b2475f','2019-07-23 19:36:46.370','2019-02-18 19:53:57.407','Product Configuration Director','Global Integration Assistant','72211457258','04542798000154','165884423','64630104610','Illo aliquid pariatur itaque quod id.','Eos quis velit molestiae aut aut iste incidunt voluptate.',6207.69),
(46,'Numquam officia ut.','at',794.831,938.767,782,113,1,0,'2020-01-06 20:32:50.872','2019-07-19 22:48:01.665','2019-01-29 19:44:16.165','2019-11-12 18:26:46.553',1,'Xander25@gmail.com',SHA2(SHA2('tester', 256), 256),'https://s3.amazonaws.com/uifaces/faces/twitter/hasslunsford/128.jpg','http://hoyt.biz',5,1,'547c119d-37eb-4a0d-9042-915efef16c0f','2019-03-03 08:27:11.930','2019-11-23 02:17:57.278','Future Solutions Liaison','Future Data Facilitator','61955589585','74839333000145','309470328','48616349409','Veniam quia non aut molestiae ducimus corrupti enim voluptas.','Sunt autem dolorem consequatur sint repellat tempore.',3526.68),
(47,'Tempore ut ut qui.','dicta',236.761,92.251,539,991,0,1,'2019-05-14 07:08:44.879','2020-01-05 09:00:35.620','2019-04-10 18:30:32.793','2019-08-13 07:59:37.106',1,'Leanna.Metz22@gmail.com',SHA2(SHA2('tester', 256), 256),'https://s3.amazonaws.com/uifaces/faces/twitter/scottgallant/128.jpg','http://cassidy.name',10,37,'df5f5e13-2e52-44d7-8cf5-a58bda614f3f','2019-06-14 21:04:23.924','2019-02-06 06:19:58.058','Future Marketing Liaison','Future Infrastructure Strategist','88238218519','43106189000104','406737765','20153901455','Inventore deserunt vel dolore eum ad id ut.','Quasi numquam alias atque blanditiis harum laudantium impedit voluptatibus impedit.',4449.88),
(48,'Commodi eos accusantium quam dignissimos nobis.','voluptatibus',291.671,802.429,351,297,1,0,'2019-10-05 15:01:35.095','2019-12-16 09:24:17.131','2019-05-25 01:36:30.513','2019-05-25 08:57:32.340',1,'Mariana_Brown55@hotmail.com',SHA2(SHA2('tester', 256), 256),'https://s3.amazonaws.com/uifaces/faces/twitter/nacho/128.jpg','http://janelle.org',13,12,'93b22940-592e-467c-9069-b6395eee16d8','2019-10-15 01:44:44.845','2020-01-09 12:49:18.427','District Markets Orchestrator','Direct Security Designer','47477438985','59231613000182','126204552','06676883995','Ut culpa et asperiores illum.','Et enim a.',8491.29),
(49,'Et incidunt facilis nihil quasi adipisci dolor placeat.','ipsam',214.863,594.930,482,981,0,0,'2019-07-30 13:17:47.273','2019-08-17 07:57:29.139','2019-04-22 03:19:25.691','2019-05-08 14:40:49.433',1,'Ivah12@hotmail.com',SHA2(SHA2('tester', 256), 256),'https://s3.amazonaws.com/uifaces/faces/twitter/claudioguglieri/128.jpg','http://nikki.info',14,48,'5db704ba-c4dd-4e62-9dcf-e09937be68e2','2019-05-03 12:41:59.375','2019-02-08 09:55:22.644','Product Accounts Assistant','Investor Directives Developer','46781639218','77161674000100','667252858','77458393830','Repudiandae nesciunt sit possimus necessitatibus dignissimos magnam.','Sunt nobis molestias id non consequatur ducimus.',4881.63),
(50,'Magnam iste laboriosam et similique earum.','omnis',633.62,495.600,159,425,1,1,'2019-01-16 23:07:51.961','2019-02-03 09:05:30.955','2020-01-10 06:41:09.624','2019-05-03 04:25:11.116',1,'Amina_Lesch58@hotmail.com',SHA2(SHA2('tester', 256), 256),'https://s3.amazonaws.com/uifaces/faces/twitter/lmjabreu/128.jpg','http://jace.name',21,11,'65d95219-454c-430b-8300-138ec48b2ba1','2019-07-27 13:37:34.946','2020-01-12 18:14:11.428','Internal Quality Facilitator','International Brand Facilitator','84727698951','41748089000156','153648724','18851203989','Molestiae quasi aut aspernatur aut hic facilis error.','Cupiditate recusandae molestiae libero voluptas qui quaerat quia voluptatem.',1056.85);

UNLOCK TABLES;

LOCK TABLES `usecase`.`tag` WRITE;

INSERT INTO `usecase`.`tag`
(`idTagPk`,`titulo`)
VALUES
(1,'National Interactions Planner'),
(2,'Dynamic Accountability Strategist'),
(3,'International Creative Producer'),
(4,'Regional Mobility Developer'),
(5,'Dynamic Division Liaison'),
(6,'Investor Configuration Agent'),
(7,'Customer Web Coordinator'),
(8,'Dynamic Data Liaison'),
(9,'Senior Mobility Liaison'),
(10,'Product Brand Engineer'),
(11,'Direct Markets Architect'),
(12,'National Interactions Manager'),
(13,'National Creative Agent'),
(14,'Central Directives Liaison'),
(15,'National Interactions Supervisor'),
(16,'Principal Functionality Associate'),
(17,'Principal Interactions Facilitator'),
(18,'Forward Optimization Consultant'),
(19,'Chief Directives Assistant'),
(20,'Dynamic Web Engineer'),
(21,'Regional Identity Orchestrator'),
(22,'Regional Program Officer'),
(23,'Internal Communications Analyst'),
(24,'Central Creative Strategist'),
(25,'Corporate Paradigm Producer'),
(26,'Chief Configuration Agent'),
(27,'Lead Quality Manager'),
(28,'Lead Data Officer'),
(29,'Future Web Facilitator'),
(30,'International Branding Technician'),
(31,'Customer Creative Associate'),
(32,'Internal Operations Executive'),
(33,'Senior Marketing Developer'),
(34,'Legacy Infrastructure Orchestrator'),
(35,'Regional Brand Executive'),
(36,'Principal Security Specialist'),
(37,'National Creative Officer'),
(38,'Senior Mobility Representative'),
(39,'Dynamic Mobility Designer'),
(40,'Product Group Orchestrator'),
(41,'Global Implementation Assistant'),
(42,'Human Response Facilitator'),
(43,'Internal Accountability Planner'),
(44,'Central Communications Orchestrator'),
(45,'National Assurance Associate'),
(46,'Legacy Program Technician'),
(47,'International Markets Technician'),
(48,'Future Interactions Technician'),
(49,'Forward Research Representative'),
(50,'Product Usability Designer');

UNLOCK TABLES;

LOCK TABLES `usecase`.`tag_principal` WRITE;

INSERT INTO `usecase`.`tag_principal`
(`idPrincipalFk`,`idTagFk`)
VALUES
(1,1),
(2,2),
(3,3),
(4,4),
(5,5),
(6,6),
(7,7),
(8,8),
(9,9),
(10,10),
(11,11),
(12,12),
(13,13),
(14,14),
(15,15),
(16,16),
(17,17),
(18,18),
(19,19),
(20,20),
(21,21),
(22,22),
(23,23),
(24,24),
(25,25),
(26,26),
(27,27),
(28,28),
(29,29),
(30,30),
(31,31),
(32,32),
(33,33),
(34,34),
(35,35),
(36,36),
(37,37),
(38,38),
(39,39),
(40,40),
(41,41),
(42,42),
(43,43),
(44,44),
(45,45),
(46,46),
(47,47),
(48,48),
(49,49),
(50,50);

UNLOCK TABLES;

LOCK TABLES `usecase`.`user` WRITE;

INSERT INTO `usecase`.`user`
(`idUserPk`,`email`,`senha`)
VALUES
(1,'test@test.com',SHA2(SHA2('tester', 256), 256)),
(2,'Jaren.Ondricka73@yahoo.com',SHA2(SHA2('tester', 256), 256)),
(3,'Domenic_Carroll@yahoo.com',SHA2(SHA2('tester', 256), 256)),
(4,'Billie51@yahoo.com',SHA2(SHA2('tester', 256), 256)),
(5,'Jeremy.Hackett@hotmail.com',SHA2(SHA2('tester', 256), 256)),
(6,'Elfrieda78@yahoo.com',SHA2(SHA2('tester', 256), 256)),
(7,'Violette19@gmail.com',SHA2(SHA2('tester', 256), 256)),
(8,'Elise.Crona@yahoo.com',SHA2(SHA2('tester', 256), 256)),
(9,'Bryce_Stanton78@yahoo.com',SHA2(SHA2('tester', 256), 256)),
(10,'Lorena_Huel@gmail.com',SHA2(SHA2('tester', 256), 256)),
(11,'Dolly30@gmail.com',SHA2(SHA2('tester', 256), 256)),
(12,'Alysa_McCullough94@hotmail.com',SHA2(SHA2('tester', 256), 256)),
(13,'Trent_Will66@yahoo.com',SHA2(SHA2('tester', 256), 256)),
(14,'Nicklaus_Nitzsche69@gmail.com',SHA2(SHA2('tester', 256), 256)),
(15,'Precious14@hotmail.com',SHA2(SHA2('tester', 256), 256)),
(16,'Jadon89@hotmail.com',SHA2(SHA2('tester', 256), 256)),
(17,'Cortney81@yahoo.com',SHA2(SHA2('tester', 256), 256)),
(18,'Rowland_Anderson45@gmail.com',SHA2(SHA2('tester', 256), 256)),
(19,'Jeromy.Dooley@hotmail.com',SHA2(SHA2('tester', 256), 256)),
(20,'Ciara.OKon@yahoo.com',SHA2(SHA2('tester', 256), 256)),
(21,'Benedict_Champlin47@yahoo.com',SHA2(SHA2('tester', 256), 256)),
(22,'Jason_Strosin@yahoo.com',SHA2(SHA2('tester', 256), 256)),
(23,'Alene_Robel94@yahoo.com',SHA2(SHA2('tester', 256), 256)),
(24,'Murphy_Waelchi18@yahoo.com',SHA2(SHA2('tester', 256), 256)),
(25,'Kaela.Marks@yahoo.com',SHA2(SHA2('tester', 256), 256)),
(26,'Felicia_Baumbach46@hotmail.com',SHA2(SHA2('tester', 256), 256)),
(27,'Dovie_Kautzer@hotmail.com',SHA2(SHA2('tester', 256), 256)),
(28,'Pamela.Gaylord@hotmail.com',SHA2(SHA2('tester', 256), 256)),
(29,'Brannon94@hotmail.com',SHA2(SHA2('tester', 256), 256)),
(30,'Kraig83@hotmail.com',SHA2(SHA2('tester', 256), 256)),
(31,'Ciara.Hodkiewicz6@yahoo.com',SHA2(SHA2('tester', 256), 256)),
(32,'Melany98@yahoo.com',SHA2(SHA2('tester', 256), 256)),
(33,'Carlie.Murray@hotmail.com',SHA2(SHA2('tester', 256), 256)),
(34,'Quinton_Lesch@gmail.com',SHA2(SHA2('tester', 256), 256)),
(35,'Brittany_Schroeder19@hotmail.com',SHA2(SHA2('tester', 256), 256)),
(36,'Ricky31@hotmail.com',SHA2(SHA2('tester', 256), 256)),
(37,'Keely.Powlowski75@yahoo.com',SHA2(SHA2('tester', 256), 256)),
(38,'Jovani59@gmail.com',SHA2(SHA2('tester', 256), 256)),
(39,'Abner15@yahoo.com',SHA2(SHA2('tester', 256), 256)),
(40,'Virgie96@hotmail.com',SHA2(SHA2('tester', 256), 256)),
(41,'Rosetta.Koelpin79@yahoo.com',SHA2(SHA2('tester', 256), 256)),
(42,'Donald.Kirlin47@gmail.com',SHA2(SHA2('tester', 256), 256)),
(43,'Virgie73@yahoo.com',SHA2(SHA2('tester', 256), 256)),
(44,'Megane_Kessler16@hotmail.com',SHA2(SHA2('tester', 256), 256)),
(45,'Amira_Jacobi91@hotmail.com',SHA2(SHA2('tester', 256), 256)),
(46,'Parker31@gmail.com',SHA2(SHA2('tester', 256), 256)),
(47,'Claudia_Hartmann@hotmail.com',SHA2(SHA2('tester', 256), 256)),
(48,'Antonetta.Baumbach2@hotmail.com',SHA2(SHA2('tester', 256), 256)),
(49,'Maurice3@yahoo.com',SHA2(SHA2('tester', 256), 256)),
(50,'Rebeka.Hoppe@yahoo.com',SHA2(SHA2('tester', 256), 256));

UNLOCK TABLES;

SET SQL_MODE=@OLD_SQL_MODE;
SET FOREIGN_KEY_CHECKS=@OLD_FOREIGN_KEY_CHECKS;
SET UNIQUE_CHECKS=@OLD_UNIQUE_CHECKS;

